{"day":"2026-03-10","importWh":1038.207781388889,"exportWh":35416.18679638888,"costEur":0.17223711711455825,"revenueEur":3.3241625155174264,"lastTs":1773138217546,"savedAt":1773138222227}
